id,conversation_id,created_at,date,time,timezone,user_id,username,name,place,tweet,mentions,urls,photos,replies_count,retweets_count,likes_count,hashtags,cashtags,link,retweet,quote_url,video,near,geo,source,user_rt_id,user_rt,retweet_id,reply_to,retweet_date,translate,trans_src,trans_dest
1304025149101019138,1303957568272904192,1599738797000,2020-09-10,11:53:17,GMT,1132976282008981506,john__tennant,John Tennant,,"Wow. 'the least we can do is let them have a f***ing slogan', how utterly patronising @LozzaFox",['lozzafox'],[],[],0,0,1,[],[],https://twitter.com/John__Tennant/status/1304025149101019138,False,,0,,,,,,,"[{'user_id': '1132976282008981506', 'username': 'John__Tennant'}, {'user_id': '81371986', 'username': 'LozzaFox'}]",,,,
1304024403102044160,1304024403102044160,1599738619000,2020-09-10,11:50:19,GMT,1132976282008981506,john__tennant,John Tennant,,Interesting stuff @LozzaFox his most explosive interview yet! https://twitter.com/Unlocked_UK_/status/1304020085535920130 …,['lozzafox'],['https://twitter.com/Unlocked_UK_/status/1304020085535920130'],[],0,6,11,[],[],https://twitter.com/John__Tennant/status/1304024403102044160,False,https://twitter.com/Unlocked_UK_/status/1304020085535920130,0,,,,,,,"[{'user_id': '1132976282008981506', 'username': 'John__Tennant'}, {'user_id': '81371986', 'username': 'LozzaFox'}]",,,,
1303003484804046851,1302719405265219586,1599495214000,2020-09-07,16:13:34,GMT,1132976282008981506,john__tennant,John Tennant,, https://mobile.twitter.com/georgeperetzqc/status/1302948198265294849?s=12 …,[],['https://mobile.twitter.com/georgeperetzqc/status/1302948198265294849?s=12'],[],0,0,0,[],[],https://twitter.com/John__Tennant/status/1303003484804046851,False,https://twitter.com/GeorgePeretzQC/status/1302948198265294849,0,,,,,,,"[{'user_id': '1132976282008981506', 'username': 'John__Tennant'}]",,,,
1302719405265219586,1302719405265219586,1599427484000,2020-09-06,21:24:44,GMT,1132976282008981506,john__tennant,John Tennant,,Interesting....,[],[],[],5,0,1,[],[],https://twitter.com/John__Tennant/status/1302719405265219586,False,,0,,,,,,,"[{'user_id': '1132976282008981506', 'username': 'John__Tennant'}]",,,,
1289273126157578240,1289273126157578240,1596221641000,2020-07-31,18:54:01,GMT,1132976282008981506,john__tennant,John Tennant,,Huge congratulations to my brilliant friend @Fox_Claire an excellent advocate of free speech and new ideas. It was a pleasure to be a colleague in the European Parliament and I know she'll deliver good work as a member of the House of Lords. Richly deserved.,['fox_claire'],[],[],0,2,18,[],[],https://twitter.com/John__Tennant/status/1289273126157578240,False,,0,,,,,,,"[{'user_id': '1132976282008981506', 'username': 'John__Tennant'}, {'user_id': '278656915', 'username': 'Fox_Claire'}]",,,,
1289214232324530176,1289214232324530176,1596207600000,2020-07-31,15:00:00,GMT,1132976282008981506,john__tennant,John Tennant,,Sage words @Peter_Shilton https://twitter.com/Peter_Shilton/status/1289131680062672902 …,['peter_shilton'],['https://twitter.com/Peter_Shilton/status/1289131680062672902'],[],0,0,3,[],[],https://twitter.com/John__Tennant/status/1289214232324530176,False,https://twitter.com/Peter_Shilton/status/1289131680062672902,0,,,,,,,"[{'user_id': '1132976282008981506', 'username': 'John__Tennant'}, {'user_id': '188675190', 'username': 'Peter_Shilton'}]",,,,
1286989102643130370,1286989102643130370,1595677087000,2020-07-25,11:38:07,GMT,1132976282008981506,john__tennant,John Tennant,,"Share on Twitter  https://www.express.co.uk/news/politics/1314110/Brexit-news-stuart-wheeler-tribute-nigel-farage-dan-hannan …

What a man, what a life, what a fantastic contribution to the fight for our independence. Rest in peace Stuart Wheeler.",[],['https://www.express.co.uk/news/politics/1314110/Brexit-news-stuart-wheeler-tribute-nigel-farage-dan-hannan'],[],0,3,3,[],[],https://twitter.com/John__Tennant/status/1286989102643130370,False,,0,,,,,,,"[{'user_id': '1132976282008981506', 'username': 'John__Tennant'}]",,,,
1270416098786189319,1270416098786189319,1591725775000,2020-06-09,18:02:55,GMT,1132976282008981506,john__tennant,John Tennant,,"Little Britain removed from BBC iPlayer, Netflix and BritBox due to use of blackface  https://www.theguardian.com/tv-and-radio/2020/jun/09/little-britain-removed-from-bbc-iplayer-netflix-and-britbox-blackface …

This is futile, what next? Blackadder?",[],['https://www.theguardian.com/tv-and-radio/2020/jun/09/little-britain-removed-from-bbc-iplayer-netflix-and-britbox-blackface'],[],0,1,2,[],[],https://twitter.com/John__Tennant/status/1270416098786189319,False,,0,,,,,,,"[{'user_id': '1132976282008981506', 'username': 'John__Tennant'}]",,,,
1269969270932484097,1269969270932484097,1591619243000,2020-06-08,12:27:23,GMT,1132976282008981506,john__tennant,John Tennant,,"If the authorities won't protect us from predictable disorder, who will?  https://www.telegraph.co.uk/politics/2020/06/08/authorities-wont-protect-us-predictable-disorder-will/ …
Very good piece from @GawainTowler",['gawaintowler'],['https://www.telegraph.co.uk/politics/2020/06/08/authorities-wont-protect-us-predictable-disorder-will/'],[],0,4,13,[],[],https://twitter.com/John__Tennant/status/1269969270932484097,False,,0,,,,,,,"[{'user_id': '1132976282008981506', 'username': 'John__Tennant'}, {'user_id': '130190749', 'username': 'GawainTowler'}]",,,,
1269741650332520449,1269741650332520449,1591564974000,2020-06-07,21:22:54,GMT,1132976282008981506,john__tennant,John Tennant,,The thugs are no better than those they protest against. Hypocrisy. https://twitter.com/BorisJohnson/status/1269724206440370178 …,[],['https://twitter.com/BorisJohnson/status/1269724206440370178'],[],0,2,8,[],[],https://twitter.com/John__Tennant/status/1269741650332520449,False,https://twitter.com/BorisJohnson/status/1269724206440370178,0,,,,,,,"[{'user_id': '1132976282008981506', 'username': 'John__Tennant'}]",,,,
1269740864173150210,1269708791928537090,1591564787000,2020-06-07,21:19:47,GMT,1132976282008981506,john__tennant,John Tennant,,You could be right....,['lukejohnsonrcp'],[],[],0,0,0,[],[],https://twitter.com/John__Tennant/status/1269740864173150210,False,,0,,,,,,,"[{'user_id': '1132976282008981506', 'username': 'John__Tennant'}, {'user_id': '86095091', 'username': 'LukeJohnsonRCP'}]",,,,
1267549568054579200,1267549568054579200,1591042341000,2020-06-01,20:12:21,GMT,1132976282008981506,john__tennant,John Tennant,,"Infrapenny Infrastructure  http://futurecities.org.uk/2020/05/31/infrapenny-infrastructure/ …

We absolutely need to be much more creative and innovative than we are now. Great article",[],['http://futurecities.org.uk/2020/05/31/infrapenny-infrastructure/'],[],1,0,7,[],[],https://twitter.com/John__Tennant/status/1267549568054579200,False,,0,,,,,,,"[{'user_id': '1132976282008981506', 'username': 'John__Tennant'}]",,,,
1264846266183430144,1264846266183430144,1590397824000,2020-05-25,09:10:24,GMT,1132976282008981506,john__tennant,John Tennant,,It was an honour to be elected alongside @TheBluetrot a year ago. There must be no extension of transition! https://twitter.com/BrexitWatch5/status/1264823228364619776 …,['thebluetrot'],['https://twitter.com/BrexitWatch5/status/1264823228364619776'],[],0,9,31,[],[],https://twitter.com/John__Tennant/status/1264846266183430144,False,https://twitter.com/BrexitWatch5/status/1264823228364619776,0,,,,,,,"[{'user_id': '1132976282008981506', 'username': 'John__Tennant'}, {'user_id': '620893984', 'username': 'TheBluetrot'}]",,,,
1261937376688996352,1261937376688996352,1589704290000,2020-05-17,08:31:30,GMT,1132976282008981506,john__tennant,John Tennant,,Extending the transition could cost up to £380bn! My former colleague @math_patten writes. https://globalvisionuk.com/extending-the-transition-could-cost-up-to-380bn-new-report-finds/ …,['math_patten'],['https://globalvisionuk.com/extending-the-transition-could-cost-up-to-380bn-new-report-finds/'],[],0,1,0,[],[],https://twitter.com/John__Tennant/status/1261937376688996352,False,,0,,,,,,,"[{'user_id': '1132976282008981506', 'username': 'John__Tennant'}, {'user_id': '1469190546', 'username': 'math_patten'}]",,,,
1261306282750902272,1261306282750902272,1589553826000,2020-05-15,14:43:46,GMT,1132976282008981506,john__tennant,John Tennant,,Some very salient points from @BrexitAlex https://twitter.com/BrexitAlex/status/1261265472693194753 …,['brexitalex'],['https://twitter.com/BrexitAlex/status/1261265472693194753'],[],0,0,0,[],[],https://twitter.com/John__Tennant/status/1261306282750902272,False,https://twitter.com/BrexitAlex/status/1261265472693194753,0,,,,,,,"[{'user_id': '1132976282008981506', 'username': 'John__Tennant'}, {'user_id': '1123143752984477696', 'username': 'BrexitAlex'}]",,,,
1260938144511397888,1260938144511397888,1589466055000,2020-05-14,14:20:55,GMT,1132976282008981506,john__tennant,John Tennant,,Laughable! https://westmonster.com/eu-launches-legal-action-against-uk-for-breaching-free-movement-rules …,[],['https://westmonster.com/eu-launches-legal-action-against-uk-for-breaching-free-movement-rules'],[],10,33,144,[],[],https://twitter.com/John__Tennant/status/1260938144511397888,False,,0,,,,,,,"[{'user_id': '1132976282008981506', 'username': 'John__Tennant'}]",,,,
1255488772478812162,1255488772478812162,1588166823000,2020-04-29,13:27:03,GMT,1132976282008981506,john__tennant,John Tennant,,How the tables have turned.... https://twitter.com/DrAnnaBailey1/status/1255481698927730697 …,[],['https://twitter.com/DrAnnaBailey1/status/1255481698927730697'],[],0,1,10,[],[],https://twitter.com/John__Tennant/status/1255488772478812162,False,https://twitter.com/DrAnnaBailey1/status/1255481698927730697,0,,,,,,,"[{'user_id': '1132976282008981506', 'username': 'John__Tennant'}]",,,,
1251060694969135104,1251060694969135104,1587111087000,2020-04-17,08:11:27,GMT,1132976282008981506,john__tennant,John Tennant,,"Absolutely right, extending would not be in the public interest. It is written in law that we cannot extend beyond December 31st. https://twitter.com/DavidGHFrost/status/1250796638987333632 …",[],['https://twitter.com/DavidGHFrost/status/1250796638987333632'],[],2,2,8,[],[],https://twitter.com/John__Tennant/status/1251060694969135104,False,https://twitter.com/DavidGHFrost/status/1250796638987333632,0,,,,,,,"[{'user_id': '1132976282008981506', 'username': 'John__Tennant'}]",,,,
1250516342505160707,1250516342505160707,1586981304000,2020-04-15,20:08:24,GMT,1132976282008981506,john__tennant,John Tennant,,"Good to hear this..

“There is concern that extending could drag the UK into the arguments about who pays for the various EU schemes designed to protect the European economy and preserve the Eurozone.” https://twitter.com/SpecCoffeeHouse/status/1250385973181067266 …",[],['https://twitter.com/SpecCoffeeHouse/status/1250385973181067266'],[],1,1,3,[],[],https://twitter.com/John__Tennant/status/1250516342505160707,False,https://twitter.com/SpecCoffeeHouse/status/1250385973181067266,0,,,,,,,"[{'user_id': '1132976282008981506', 'username': 'John__Tennant'}]",,,,
1248158228342595585,1248158228342595585,1586419085000,2020-04-09,07:58:05,GMT,1132976282008981506,john__tennant,John Tennant,,"URGENT APPEAL: please help save Ponies cared for by Exmoor Pony Project as the coronavirus has stopped regular fundraising activities

A £2.00 donation will help ensure these beautiful animals are cared for until the lockdown is lifted, thank you https://www.justgiving.com/crowdfunding/exmoor-pony-project2019 …",[],['https://www.justgiving.com/crowdfunding/exmoor-pony-project2019'],[],1,3,5,[],[],https://twitter.com/John__Tennant/status/1248158228342595585,False,,0,,,,,,,"[{'user_id': '1132976282008981506', 'username': 'John__Tennant'}]",,,,
1247663801694064640,1247663801694064640,1586301205000,2020-04-07,23:13:25,GMT,1132976282008981506,john__tennant,John Tennant,,"EU Chief Scientist Resigns Over Coronavirus Response, No Longer Supports EU https://thenationalpulse.com/politics/eu-chief-scientist-resigns-coronavirus/ …",[],['https://thenationalpulse.com/politics/eu-chief-scientist-resigns-coronavirus/'],[],0,1,5,[],[],https://twitter.com/John__Tennant/status/1247663801694064640,False,,0,,,,,,,"[{'user_id': '1132976282008981506', 'username': 'John__Tennant'}]",,,,
1247243052349100032,1247243052349100032,1586200890000,2020-04-06,19:21:30,GMT,1132976282008981506,john__tennant,John Tennant,,"Awful news, this shows just how important it is we follow the advice given and my thoughts go out to everyone suffering. https://twitter.com/bbclaurak/status/1247240275791134720 …",[],['https://twitter.com/bbclaurak/status/1247240275791134720'],[],0,0,0,[],[],https://twitter.com/John__Tennant/status/1247243052349100032,False,https://twitter.com/bbclaurak/status/1247240275791134720,0,,,,,,,"[{'user_id': '1132976282008981506', 'username': 'John__Tennant'}]",,,,
1247191148961181697,1247191148961181697,1586188516000,2020-04-06,15:55:16,GMT,1132976282008981506,john__tennant,John Tennant,,The EU is disintegrating before our eyes. Let's embrace the Commonwealth instead  https://www.telegraph.co.uk/politics/2020/04/06/eu-disintegrating-eyes-embrace-commonwealth-instead/?WT.mc_id=tmg_share_tw … via @Telegraph,['telegraph'],['https://www.telegraph.co.uk/politics/2020/04/06/eu-disintegrating-eyes-embrace-commonwealth-instead/?WT.mc_id=tmg_share_tw'],[],0,2,9,[],[],https://twitter.com/John__Tennant/status/1247191148961181697,False,,0,,,,,,,"[{'user_id': '1132976282008981506', 'username': 'John__Tennant'}, {'user_id': '16343974', 'username': 'Telegraph'}]",,,,
1244937286107660288,1244937286107660288,1585651153000,2020-03-31,10:39:13,GMT,1132976282008981506,john__tennant,John Tennant,,Some good points made by my former colleague Brian Monteith: Coronavirus is changing the way we live - but we still get to decide the future https://www.scotsman.com/news/opinion/columnists/brian-monteith-coronavirus-changing-way-we-live-we-still-get-decide-future-2521963 …,[],['https://www.scotsman.com/news/opinion/columnists/brian-monteith-coronavirus-changing-way-we-live-we-still-get-decide-future-2521963'],[],0,0,0,[],[],https://twitter.com/John__Tennant/status/1244937286107660288,False,,0,,,,,,,"[{'user_id': '1132976282008981506', 'username': 'John__Tennant'}]",,,,
1243519241862643717,1243519241862643717,1585313065000,2020-03-27,12:44:25,GMT,1132976282008981506,john__tennant,John Tennant,,"Wishing Boris Johnson well and a speedy recovery. To all those laughing and joking at this news, shame on you.",[],[],[],1,4,42,[],[],https://twitter.com/John__Tennant/status/1243519241862643717,False,,0,,,,,,,"[{'user_id': '1132976282008981506', 'username': 'John__Tennant'}]",,,,
1226077988279726080,1226077988279726080,1581154746000,2020-02-08,09:39:06,GMT,1132976282008981506,john__tennant,John Tennant,,They know they're in trouble https://www.telegraph.co.uk/politics/2020/02/07/panicked-eu-goes-brexit-meltdown-britain-finally-has-upper-hand/?utm_content=telegraph&utm_medium=Social&utm_campaign=Echobox&utm_source=Facebook#Echobox=1581088345 …,[],['https://www.telegraph.co.uk/politics/2020/02/07/panicked-eu-goes-brexit-meltdown-britain-finally-has-upper-hand/?utm_content=telegraph&utm_medium=Social&utm_campaign=Echobox&utm_source=Facebook#Echobox=1581088345'],[],22,1,7,[],[],https://twitter.com/John__Tennant/status/1226077988279726080,False,,0,,,,,,,"[{'user_id': '1132976282008981506', 'username': 'John__Tennant'}]",,,,
1225719700111417344,1225719700111417344,1581069323000,2020-02-07,09:55:23,GMT,1132976282008981506,john__tennant,John Tennant,,"One week on from the historic day of brexit and we haven't seen our economy tank, our planes landed, our hospitals close. We've seen a positive attitude to Britain being free and independent. Now look it's happening in France too.. https://www.google.com/amp/s/www.express.co.uk/news/world/1238106/EU-news-eu-frexit-brexit-party-alexandra-phillips-emmanuel-macron-charles-henri-galloi/amp …",[],['https://www.google.com/amp/s/www.express.co.uk/news/world/1238106/EU-news-eu-frexit-brexit-party-alexandra-phillips-emmanuel-macron-charles-henri-galloi/amp'],[],697,512,1468,[],[],https://twitter.com/John__Tennant/status/1225719700111417344,False,,0,,,,,,,"[{'user_id': '1132976282008981506', 'username': 'John__Tennant'}]",,,,
1223379975191105536,1223379975191105536,1580511490000,2020-01-31,22:58:10,GMT,1132976282008981506,john__tennant,John Tennant,,"My final speech in the European Parliament - Britain is a friend of Europe, we always have and always will be.  https://youtu.be/IN27uP9jLq4  #BrexitCelebration #brexit",[],['https://youtu.be/IN27uP9jLq4'],[],5,6,34,"['#brexitcelebration', '#brexit']",[],https://twitter.com/John__Tennant/status/1223379975191105536,False,,0,,,,,,,"[{'user_id': '1132976282008981506', 'username': 'John__Tennant'}]",,,,
1210639672029913088,1210639672029913088,1577473965000,2019-12-27,19:12:45,GMT,1132976282008981506,john__tennant,John Tennant,,EU on the brink: Brexit Party MEP warns of imminent Euro catastrophe and Brussels collapse  http://shr.gs/GRpSmmI ,[],['http://shr.gs/GRpSmmI'],[],0,1,2,[],[],https://twitter.com/John__Tennant/status/1210639672029913088,False,,0,,,,,,,"[{'user_id': '1132976282008981506', 'username': 'John__Tennant'}]",,,,
1206861683131584512,1206861683131584512,1576573222000,2019-12-17,09:00:22,GMT,1132976282008981506,john__tennant,John Tennant,,I spoke in the European Parliament this morning regarding the situation in Malta. You can watch my speech here: https://youtu.be/HpnIKDa0J7M ,[],['https://youtu.be/HpnIKDa0J7M'],[],1,2,9,[],[],https://twitter.com/John__Tennant/status/1206861683131584512,False,,0,,,,,,,"[{'user_id': '1132976282008981506', 'username': 'John__Tennant'}]",,,,
1204050834830569473,1204050834830569473,1575903063000,2019-12-09,14:51:03,GMT,1132976282008981506,john__tennant,John Tennant,,Brexit party led hartlepool council today voted for a new investment plan for our neighbourhoods as part of nearly £56m of funding for our future. This means improving our housing and heritage. The Brexit party is making a difference already!,[],[],[],13,110,285,[],[],https://twitter.com/John__Tennant/status/1204050834830569473,False,,0,,,,,,,"[{'user_id': '1132976282008981506', 'username': 'John__Tennant'}]",,,,
1202916897131499520,1202916897131499520,1575632712000,2019-12-06,11:45:12,GMT,1132976282008981506,john__tennant,John Tennant,,You can read my latest Journal article here:  http://www.johntennantmep.co.uk/2019/12/05/column-we-need-a-great-escape-from-polls-in-festive-season/ … #Brexit,[],['http://www.johntennantmep.co.uk/2019/12/05/column-we-need-a-great-escape-from-polls-in-festive-season/'],[],0,2,3,['#brexit'],[],https://twitter.com/John__Tennant/status/1202916897131499520,False,,0,,,,,,,"[{'user_id': '1132976282008981506', 'username': 'John__Tennant'}]",,,,
1202291466023911425,1202291466023911425,1575483597000,2019-12-04,18:19:57,GMT,1132976282008981506,john__tennant,John Tennant,,It's the EU that's not our friend when it comes to our NHS! https://www.telegraph.co.uk/politics/2019/12/04/jeremy-corbyn-late-save-nhs-has-already-sold-eu/# …,[],['https://www.telegraph.co.uk/politics/2019/12/04/jeremy-corbyn-late-save-nhs-has-already-sold-eu/#'],[],0,3,5,[],[],https://twitter.com/John__Tennant/status/1202291466023911425,False,,0,,,,,,,"[{'user_id': '1132976282008981506', 'username': 'John__Tennant'}]",,,,
1191439396526055424,1191439396526055424,1572896262000,2019-11-04,19:37:42,GMT,1132976282008981506,john__tennant,John Tennant,,Earlier today I spoke to BBC Radio 4. You can listen in here:  https://youtu.be/mEw0m3WeI_U  #Brexit,[],['https://youtu.be/mEw0m3WeI_U'],[],0,1,1,['#brexit'],[],https://twitter.com/John__Tennant/status/1191439396526055424,False,,0,,,,,,,"[{'user_id': '1132976282008981506', 'username': 'John__Tennant'}]",,,,
1188804215881244675,1188804215881244675,1572267986000,2019-10-28,13:06:26,GMT,1132976282008981506,john__tennant,John Tennant,,"If you wake up on Friday morning and we're still in the EU then Boris has broken his promise. Lesson, don't make promises you cannot keep! Only the Brexit party is resolute in delivering a clean break brexit",[],[],[],421,830,2126,[],[],https://twitter.com/John__Tennant/status/1188804215881244675,False,,0,,,,,,,"[{'user_id': '1132976282008981506', 'username': 'John__Tennant'}]",,,,
1185644693562019841,1185644693562019841,1571514697000,2019-10-19,19:51:37,GMT,1132976282008981506,john__tennant,John Tennant,,Congratulations to Hartlepool boxer Savannah Marshall on a very professional stoppage win tonight!,[],[],[],0,0,2,[],[],https://twitter.com/John__Tennant/status/1185644693562019841,False,,0,,,,,,,"[{'user_id': '1132976282008981506', 'username': 'John__Tennant'}]",,,,
1185562439049457664,1185562439049457664,1571495086000,2019-10-19,14:24:46,GMT,1132976282008981506,john__tennant,John Tennant,,"This zombie Parliament has sat for too long for any good it has been doing lately. Depart, I say, and have done with you.  In the name of God, go!

General. Election. Now.",[],[],[],34,401,1525,[],[],https://twitter.com/John__Tennant/status/1185562439049457664,False,,0,,,,,,,"[{'user_id': '1132976282008981506', 'username': 'John__Tennant'}]",,,,
1185553796417708034,1185553796417708034,1571493026000,2019-10-19,13:50:26,GMT,1132976282008981506,john__tennant,John Tennant,,Letwin's wrecking amendment has passed. For all the wrong reasons but at least it makes the Boris Bad Deal less likely.,[],[],[],0,2,14,[],[],https://twitter.com/John__Tennant/status/1185553796417708034,False,,0,,,,,,,"[{'user_id': '1132976282008981506', 'username': 'John__Tennant'}]",,,,
1185212947531997185,1185212947531997185,1571411761000,2019-10-18,15:16:01,GMT,1132976282008981506,john__tennant,John Tennant,,Brexiteers are making a mistake backing Boris Johnson’s deal https://blogs.spectator.co.uk/2019/10/brexiteers-are-making-a-mistake-backing-boris-johnsons-deal/ …,[],['https://blogs.spectator.co.uk/2019/10/brexiteers-are-making-a-mistake-backing-boris-johnsons-deal/'],[],0,9,15,[],[],https://twitter.com/John__Tennant/status/1185212947531997185,False,,0,,,,,,,"[{'user_id': '1132976282008981506', 'username': 'John__Tennant'}]",,,,
1184889368273719297,1184888175610748935,1571334614000,2019-10-17,17:50:14,GMT,1132976282008981506,john__tennant,John Tennant,,3/3. The PM said the UK would be outside the Customs Union so it could do its own trade deals - result? Although we will be outside the CU the level playing field means we shall have the same barriers that will make FTAs highly unlikely. Why then should we back him and his deal?,"['nigeldoddsdup', 'stevebakerhw', 'nigelmp']",[],[],1,0,5,[],[],https://twitter.com/John__Tennant/status/1184889368273719297,False,,0,,,,,,,"[{'user_id': '1132976282008981506', 'username': 'John__Tennant'}, {'user_id': '104845115', 'username': 'NigelDoddsDUP'}, {'user_id': '15157283', 'username': 'SteveBakerHW'}, {'user_id': '9260332', 'username': 'nigelmp'}]",,,,
1184888632697610240,1184888175610748935,1571334438000,2019-10-17,17:47:18,GMT,1132976282008981506,john__tennant,John Tennant,,2/3. The PM wrote to Donald Tusk saying that the UK would now choose to have divergence - result? The UK will eschew divergence and accept a level playing field. @nigelmp @NigelDoddsDUP @DianeDoddsMEP @SteveBakerHW,"['nigeldoddsdup', 'stevebakerhw', 'nigelmp']",[],[],1,0,3,[],[],https://twitter.com/John__Tennant/status/1184888632697610240,False,,0,,,,,,,"[{'user_id': '1132976282008981506', 'username': 'John__Tennant'}, {'user_id': '104845115', 'username': 'NigelDoddsDUP'}, {'user_id': '15157283', 'username': 'SteveBakerHW'}, {'user_id': '9260332', 'username': 'nigelmp'}]",,,,
1184888175610748935,1184888175610748935,1571334329000,2019-10-17,17:45:29,GMT,1132976282008981506,john__tennant,John Tennant,,1/3. The PM spoke to the DUP conference in Ulster and said there would be no border down the Irish Sea – result? A Border down the Irish Sea. @NigelDoddsDUP @DianeDoddsMEP @SteveBakerHW,"['nigeldoddsdup', 'stevebakerhw']",[],[],1,4,8,[],[],https://twitter.com/John__Tennant/status/1184888175610748935,False,,0,,,,,,,"[{'user_id': '1132976282008981506', 'username': 'John__Tennant'}, {'user_id': '104845115', 'username': 'NigelDoddsDUP'}, {'user_id': '15157283', 'username': 'SteveBakerHW'}]",,,,
1184811611002933248,1184808328872038400,1571316075000,2019-10-17,12:41:15,GMT,1132976282008981506,john__tennant,John Tennant,,"Rather than accept a new EU treaty that’s bad for us or an extension and general election it would always be the latter.
I genuinely believe that a clean break and being able to be competitive is the absolute key to our economic success and we cannot do that with this new treaty.",[],[],[],1,1,6,[],[],https://twitter.com/John__Tennant/status/1184811611002933248,False,,0,,,,,,,"[{'user_id': '1132976282008981506', 'username': 'John__Tennant'}]",,,,
1184808328872038400,1184808328872038400,1571315292000,2019-10-17,12:28:12,GMT,1132976282008981506,john__tennant,John Tennant,,"This new deal is not brexit. It keeps us part of regulatory alignment for the foreseeable. This includes state aid, procurement and fisheries. Now, has anyone heard about the £39bn?  DUP aren't fooled, neither are we.",[],[],[],3,5,20,[],[],https://twitter.com/John__Tennant/status/1184808328872038400,False,,0,,,,,,,"[{'user_id': '1132976282008981506', 'username': 'John__Tennant'}]",,,,
1184442883996299264,1184442883996299264,1571228164000,2019-10-16,12:16:04,GMT,1132976282008981506,john__tennant,John Tennant,,The EU are still trying to maintain control over our own affairs! The only brexit that means brexit is a CLEAN BREAK BREXIT!! http://www.thetimes.co.uk/article/eda54fa8-f002-11e9-94c6-2c5cc7bfde9a …,[],['http://www.thetimes.co.uk/article/eda54fa8-f002-11e9-94c6-2c5cc7bfde9a'],[],2,3,6,[],[],https://twitter.com/John__Tennant/status/1184442883996299264,False,,0,,,,,,,"[{'user_id': '1132976282008981506', 'username': 'John__Tennant'}]",,,,
1182693155285753858,1182693155285753858,1570810996000,2019-10-11,16:23:16,GMT,1132976282008981506,john__tennant,John Tennant,,Fellow MEP colleague @BrexitAlex hits the nail on the head! https://twitter.com/BrexitAlex/status/1182692400344506368 …,['brexitalex'],['https://twitter.com/BrexitAlex/status/1182692400344506368'],[],0,2,5,[],[],https://twitter.com/John__Tennant/status/1182693155285753858,False,https://twitter.com/BrexitAlex/status/1182692400344506368,0,,,,,,,"[{'user_id': '1132976282008981506', 'username': 'John__Tennant'}, {'user_id': '1123143752984477696', 'username': 'BrexitAlex'}]",,,,
1182234067816849408,1182234067816849408,1570701541000,2019-10-10,09:59:01,GMT,1132976282008981506,john__tennant,John Tennant,,You can catch me on the latest episode of BrexBox discussing the latest Brexit news. https://youtu.be/R_KTcS5WUf0 ,[],['https://youtu.be/R_KTcS5WUf0'],[],0,0,2,[],[],https://twitter.com/John__Tennant/status/1182234067816849408,False,,0,,,,,,,"[{'user_id': '1132976282008981506', 'username': 'John__Tennant'}]",,,,
1181983523885989890,1181983523885989890,1570641806000,2019-10-09,17:23:26,GMT,1132976282008981506,john__tennant,John Tennant,,Of course we knew what we were voting for. @Nigel_Farage nails the point to a lib dem anti Democrat!! https://twitter.com/Nigel_Farage/status/1181959693012541441 …,['nigel_farage'],['https://twitter.com/Nigel_Farage/status/1181959693012541441'],[],2,2,6,[],[],https://twitter.com/John__Tennant/status/1181983523885989890,False,https://twitter.com/Nigel_Farage/status/1181959693012541441,0,,,,,,,"[{'user_id': '1132976282008981506', 'username': 'John__Tennant'}, {'user_id': '19017675', 'username': 'Nigel_Farage'}]",,,,
1181590854881959936,1181590854881959936,1570548187000,2019-10-08,15:23:07,GMT,1132976282008981506,john__tennant,John Tennant,,"""Thank God that we are leaving this political project."" 

I question incoming Commissioner Margrethe Vestager. You can watch it again here:  https://youtu.be/NJul8tXFAPA  #Brexit",[],['https://youtu.be/NJul8tXFAPA'],[],11,53,93,['#brexit'],[],https://twitter.com/John__Tennant/status/1181590854881959936,False,,0,,,,,,,"[{'user_id': '1132976282008981506', 'username': 'John__Tennant'}]",,,,
1181563204683653120,1181563204683653120,1570541595000,2019-10-08,13:33:15,GMT,1132976282008981506,john__tennant,John Tennant,,So there we have it! The EU's intentions were to keep Northern Ireland in a permanent customs union. They've finally been found out. https://twitter.com/Peston/status/1181500469690195968 …,[],['https://twitter.com/Peston/status/1181500469690195968'],[],0,8,37,[],[],https://twitter.com/John__Tennant/status/1181563204683653120,False,https://twitter.com/Peston/status/1181500469690195968,0,,,,,,,"[{'user_id': '1132976282008981506', 'username': 'John__Tennant'}]",,,,
1180438981315567616,1180438981315567616,1570273559000,2019-10-05,11:05:59,GMT,1132976282008981506,john__tennant,John Tennant,,"An excellent critique of how democracy and free speech will always defeat the politics of unfounded insults. @Fox_Claire

An invitation to carry on insulting me and my fellow Brexiteers https://blogs.spectator.co.uk/2019/10/an-invitation-to-carry-on-insulting-me-and-my-fellow-brexiteers/ …",['fox_claire'],['https://blogs.spectator.co.uk/2019/10/an-invitation-to-carry-on-insulting-me-and-my-fellow-brexiteers/'],[],8,12,42,[],[],https://twitter.com/John__Tennant/status/1180438981315567616,False,,0,,,,,,,"[{'user_id': '1132976282008981506', 'username': 'John__Tennant'}, {'user_id': '278656915', 'username': 'Fox_Claire'}]",,,,
1180157699151007744,1180157699151007744,1570206496000,2019-10-04,16:28:16,GMT,1132976282008981506,john__tennant,John Tennant,,I was lucky enough to meet Jade a number of times over the last few years. She was fiercely passionate about promoting her home town of Redcar and had a remarkable character. My thoughts go out to her friends and family at this time. https://www.gazettelive.co.uk/news/teesside-news/tributes-mighty-redcars-jade-21-17014573 …,[],['https://www.gazettelive.co.uk/news/teesside-news/tributes-mighty-redcars-jade-21-17014573'],[],0,0,6,[],[],https://twitter.com/John__Tennant/status/1180157699151007744,False,,0,,,,,,,"[{'user_id': '1132976282008981506', 'username': 'John__Tennant'}]",,,,
1177257383174844431,1177257383174844431,1569515007000,2019-09-26,16:23:27,GMT,1132976282008981506,john__tennant,John Tennant,,It's time to break the deadlock. #Brexit pic.twitter.com/VxwfAChhcb,[],[],[],3,53,142,['#brexit'],[],https://twitter.com/John__Tennant/status/1177257383174844431,False,,1,,,,,,,"[{'user_id': '1132976282008981506', 'username': 'John__Tennant'}]",,,,
1177226629220917249,1177226629220917249,1569507674000,2019-09-26,14:21:14,GMT,1132976282008981506,john__tennant,John Tennant,,Yesterday I joined BBC Radio Tees to discuss the Supreme Court decision on prorogation. You can listen to my interview here:  https://youtu.be/L0tQRm8RhXw  #Brexit,[],['https://youtu.be/L0tQRm8RhXw'],[],1,2,3,['#brexit'],[],https://twitter.com/John__Tennant/status/1177226629220917249,False,,0,,,,,,,"[{'user_id': '1132976282008981506', 'username': 'John__Tennant'}]",,,,
1176865163141668869,1176865163141668869,1569421494000,2019-09-25,14:24:54,GMT,1132976282008981506,john__tennant,John Tennant,,Today I spoke about the UK's contribution to the EU Galileo satellite project at the ITRE Committee. You can watch it here:  https://youtu.be/gjIlmATSWIc  #Brexit,[],['https://youtu.be/gjIlmATSWIc'],[],4,2,8,['#brexit'],[],https://twitter.com/John__Tennant/status/1176865163141668869,False,,0,,,,,,,"[{'user_id': '1132976282008981506', 'username': 'John__Tennant'}]",,,,
1176803283660345355,1176803283660345355,1569406741000,2019-09-25,10:19:01,GMT,1132976282008981506,john__tennant,John Tennant,,Later on today I'll be meeting representatives from @oilandgasuk to discuss the opportunities Brexit offers for the UK oil and gas industry.,['oilandgasuk'],[],[],1,2,4,[],[],https://twitter.com/John__Tennant/status/1176803283660345355,False,,0,,,,,,,"[{'user_id': '1132976282008981506', 'username': 'John__Tennant'}, {'user_id': '45829231', 'username': 'oilandgasuk'}]",,,,
1176110200266399750,1176110200266399750,1569241497000,2019-09-23,12:24:57,GMT,1132976282008981506,john__tennant,John Tennant,,Excellent article by esteemed fellow colleague Brian Monteith: Why Brexit Party vote on Iran was ‘fake news’ https://www.scotsman.com/news/politics/brian-monteith-why-brexit-party-vote-on-iran-was-fake-news-1-5009137 …,[],['https://www.scotsman.com/news/politics/brian-monteith-why-brexit-party-vote-on-iran-was-fake-news-1-5009137'],[],13,7,21,[],[],https://twitter.com/John__Tennant/status/1176110200266399750,False,,0,,,,,,,"[{'user_id': '1132976282008981506', 'username': 'John__Tennant'}]",,,,
1174785419852025856,1174785419852025856,1568925645000,2019-09-19,20:40:45,GMT,1132976282008981506,john__tennant,John Tennant,,This evening I discussed the latest Brexit developments with RT News. You can watch my interview here:  https://youtu.be/Jv_ZoOOtigQ  #Brexit,[],['https://youtu.be/Jv_ZoOOtigQ'],[],1,8,15,['#brexit'],[],https://twitter.com/John__Tennant/status/1174785419852025856,False,,0,,,,,,,"[{'user_id': '1132976282008981506', 'username': 'John__Tennant'}]",,,,
1174353675285929986,1174353675285929986,1568822709000,2019-09-18,16:05:09,GMT,1132976282008981506,john__tennant,John Tennant,,"Bad Language doesn't make your argument true, neither liberal nor democratic! #Brexit pic.twitter.com/neNXUcszjL",[],[],[],598,754,1990,['#brexit'],[],https://twitter.com/John__Tennant/status/1174353675285929986,False,,1,,,,,,,"[{'user_id': '1132976282008981506', 'username': 'John__Tennant'}]",,,,
1174007229135110144,1174007229135110144,1568740110000,2019-09-17,17:08:30,GMT,1132976282008981506,john__tennant,John Tennant,,The Liberal Democrats are a danger to democracy. #Brexit pic.twitter.com/lTAaIxjVa7,[],[],['https://pbs.twimg.com/media/EErpWZGXsAURN1a.jpg'],4,8,15,['#brexit'],[],https://twitter.com/John__Tennant/status/1174007229135110144,False,,0,,,,,,,"[{'user_id': '1132976282008981506', 'username': 'John__Tennant'}]",,,,
1173662937296396294,1173662937296396294,1568658024000,2019-09-16,18:20:24,GMT,1132976282008981506,john__tennant,John Tennant,,"""The people of Hong Kong should have the same right to self-determination as every human being deserves."" - Watch my latest speech in the European Parliament on the situation in Hong Kong. https://youtu.be/PrVw56GIi1A ",[],['https://youtu.be/PrVw56GIi1A'],[],15,49,122,[],[],https://twitter.com/John__Tennant/status/1173662937296396294,False,,0,,,,,,,"[{'user_id': '1132976282008981506', 'username': 'John__Tennant'}]",,,,
1172467549558267904,1172467549558267904,1568373021000,2019-09-13,11:10:21,GMT,1132976282008981506,john__tennant,John Tennant,,You can watch my latest interview on Euronews: Raw Politics here:  https://youtu.be/jtZFGoGyFuw  #Brexit,[],['https://youtu.be/jtZFGoGyFuw'],[],4,13,23,['#brexit'],[],https://twitter.com/John__Tennant/status/1172467549558267904,False,,0,,,,,,,"[{'user_id': '1132976282008981506', 'username': 'John__Tennant'}]",,,,
1171772865013780485,1171772865013780485,1568207396000,2019-09-11,13:09:56,GMT,1132976282008981506,john__tennant,John Tennant,,Despite the doom and gloom from remainers... #Brexit pic.twitter.com/TG6x4lTa4O,[],[],[],0,4,5,['#brexit'],[],https://twitter.com/John__Tennant/status/1171772865013780485,False,,1,,,,,,,"[{'user_id': '1132976282008981506', 'username': 'John__Tennant'}]",,,,
1171098650325504000,1171098650325504000,1568046650000,2019-09-09,16:30:50,GMT,1132976282008981506,john__tennant,John Tennant,,It's NOT just the backstop Boris... #Brexit https://youtu.be/7WypV17LH5M ,[],['https://youtu.be/7WypV17LH5M'],[],7,77,233,['#brexit'],[],https://twitter.com/John__Tennant/status/1171098650325504000,False,,0,,,,,,,"[{'user_id': '1132976282008981506', 'username': 'John__Tennant'}]",,,,
1170664507217199110,1170664507217199110,1567943143000,2019-09-08,11:45:43,GMT,1132976282008981506,john__tennant,John Tennant,, pic.twitter.com/065dulHunZ,[],[],['https://pbs.twimg.com/media/ED8JKTyWwAASzDY.jpg'],2,13,18,[],[],https://twitter.com/John__Tennant/status/1170664507217199110,False,,0,,,,,,,"[{'user_id': '1132976282008981506', 'username': 'John__Tennant'}]",,,,
1170025547717599232,1170025547717599232,1567790803000,2019-09-06,17:26:43,GMT,1132976282008981506,john__tennant,John Tennant,,"After demanding an election time and time again, Corbyn bottles it! It's no surprise that working class voters are abandoning Labour. pic.twitter.com/gFoCvcA3pL",[],[],[],14,75,256,[],[],https://twitter.com/John__Tennant/status/1170025547717599232,False,,1,,,,,,,"[{'user_id': '1132976282008981506', 'username': 'John__Tennant'}]",,,,
1169645266431029250,1169645266431029250,1567700137000,2019-09-05,16:15:37,GMT,1132976282008981506,john__tennant,John Tennant,,"You can read my latest column from 
@TheJournalNews
 here:  http://www.johntennantmep.co.uk/2019/09/05/column-after-three-years-of-debate-we-are-ready-for-brexit/ … pic.twitter.com/HkTxTVfmM7",['thejournalnews'],['http://www.johntennantmep.co.uk/2019/09/05/column-after-three-years-of-debate-we-are-ready-for-brexit/'],['https://pbs.twimg.com/media/EDtqKxVWsAEdyoc.jpg'],0,1,5,[],[],https://twitter.com/John__Tennant/status/1169645266431029250,False,,0,,,,,,,"[{'user_id': '1132976282008981506', 'username': 'John__Tennant'}, {'user_id': '19777733', 'username': 'TheJournalNews'}]",,,,
1169177579422720000,1169177579422720000,1567588631000,2019-09-04,09:17:11,GMT,1132976282008981506,john__tennant,John Tennant,,Remain MPs want the EU to have the ultimate say on a Brexit extension. The 'Surrender Bill' must be defeated. #Brexit pic.twitter.com/x54Itg82Gk,[],[],[],10,61,155,['#brexit'],[],https://twitter.com/John__Tennant/status/1169177579422720000,False,,1,,,,,,,"[{'user_id': '1132976282008981506', 'username': 'John__Tennant'}]",,,,
1168132390704865281,1168132390704865281,1567339439000,2019-09-01,12:03:59,GMT,1132976282008981506,john__tennant,John Tennant,,Are we watching a monumental act of treachery?  https://www.conservativewoman.co.uk/are-we-watching-a-monumental-act-of-treachery/ … via @theconwom,['theconwom'],['https://www.conservativewoman.co.uk/are-we-watching-a-monumental-act-of-treachery/'],[],2,1,3,[],[],https://twitter.com/John__Tennant/status/1168132390704865281,False,,0,,,,,,,"[{'user_id': '1132976282008981506', 'username': 'John__Tennant'}, {'user_id': '2350048494', 'username': 'TheConWom'}]",,,,
1167506765069594625,1167506765069594625,1567190278000,2019-08-30,18:37:58,GMT,1132976282008981506,john__tennant,John Tennant,,Yesterday I was on BBC Radio Newcastle discussing the prorogation of Parliament. You can listen to my interview here: https://www.youtube.com/watch?v=jioIgkHgm-I&feature=youtu.be …,[],['https://www.youtube.com/watch?v=jioIgkHgm-I&feature=youtu.be'],[],0,3,11,[],[],https://twitter.com/John__Tennant/status/1167506765069594625,False,,0,,,,,,,"[{'user_id': '1132976282008981506', 'username': 'John__Tennant'}]",,,,
1165650781363744770,1165650781363744770,1566747777000,2019-08-25,15:42:57,GMT,1132976282008981506,john__tennant,John Tennant,," https://www.bbc.co.uk/sport/live/cricket/47325095?ns_mchannel=social&ns_source=twitter&ns_campaign=bbc_live&ns_linkname=5d62a6b155f8fe066dfad7af%26%262019-08-25T15%3A18%3A10.579Z&ns_fee=0&pinned_post_locator=urn:asset:fe6734d3-f2e0-4a2c-a102-a4f78471c4f9&pinned_post_asset_id=5d62a6b155f8fe066dfad7af&pinned_post_type=share … via @BBCSport
FANTASTIC INNINGS FROM STOKES!!! ASHES BACK TO LIFE!",['bbcsport'],['https://www.bbc.co.uk/sport/live/cricket/47325095?ns_mchannel=social&ns_source=twitter&ns_campaign=bbc_live&ns_linkname=5d62a6b155f8fe066dfad7af%26%262019-08-25T15%3A18%3A10.579Z&ns_fee=0&pinned_post_locator=urn:asset:fe6734d3-f2e0-4a2c-a102-a4f78471c4f9&pinned_post_asset_id=5d62a6b155f8fe066dfad7af&pinned_post_type=share'],[],0,0,1,[],[],https://twitter.com/John__Tennant/status/1165650781363744770,False,,0,,,,,,,"[{'user_id': '1132976282008981506', 'username': 'John__Tennant'}, {'user_id': '265902729', 'username': 'BBCSport'}]",,,,
1164070902608400384,1164070902608400384,1566371105000,2019-08-21,07:05:05,GMT,1132976282008981506,john__tennant,John Tennant,,Brian Monteith: Idea of a government of national unity so oxymoronic it is repulsively Orwellian https://www.scotsman.com/news/politics/brian-monteith-idea-of-a-government-of-national-unity-so-oxymoronic-it-is-repulsively-orwellian-1-4986636 …,[],['https://www.scotsman.com/news/politics/brian-monteith-idea-of-a-government-of-national-unity-so-oxymoronic-it-is-repulsively-orwellian-1-4986636'],[],2,0,5,[],[],https://twitter.com/John__Tennant/status/1164070902608400384,False,,0,,,,,,,"[{'user_id': '1132976282008981506', 'username': 'John__Tennant'}]",,,,
1157998044073353216,1157998044073353216,1564923222000,2019-08-04,12:53:42,GMT,1132976282008981506,john__tennant,John Tennant,,@RupertLowe10 fellow colleague gives a good point. His experience is invaluable  https://www.express.co.uk/news/uk/1160041/Brexit-news-UK-EU-Premier-League-football-Rupert-Lowe-Brexit-Party-latest …,['rupertlowe10'],['https://www.express.co.uk/news/uk/1160041/Brexit-news-UK-EU-Premier-League-football-Rupert-Lowe-Brexit-Party-latest'],[],0,1,2,[],[],https://twitter.com/John__Tennant/status/1157998044073353216,False,,0,,,,,,,"[{'user_id': '1132976282008981506', 'username': 'John__Tennant'}, {'user_id': '1121375429884039175', 'username': 'RupertLowe10'}]",,,,
1155424594477670403,1155424594477670403,1564309664000,2019-07-28,10:27:44,GMT,1132976282008981506,john__tennant,John Tennant,,It's the political declaration that could be the real problem for Boris https://blogs.spectator.co.uk/2019/07/its-the-political-declaration-not-the-backstop-that-could-scupper-boris/ …,[],['https://blogs.spectator.co.uk/2019/07/its-the-political-declaration-not-the-backstop-that-could-scupper-boris/'],[],0,2,5,[],[],https://twitter.com/John__Tennant/status/1155424594477670403,False,,0,,,,,,,"[{'user_id': '1132976282008981506', 'username': 'John__Tennant'}]",,,,
1154009229059153920,1154009229059153920,1563972215000,2019-07-24,12:43:35,GMT,1132976282008981506,john__tennant,John Tennant,,"It's crystal clear that most EU committees operate within a political bubble, driven by an insatiable appetite to spend more and more money. The sooner we leave, the better. pic.twitter.com/5kHwDpF3JJ",[],[],['https://pbs.twimg.com/media/EAPdRlsXUAEVFP3.jpg'],2,11,21,[],[],https://twitter.com/John__Tennant/status/1154009229059153920,False,,0,,,,,,,"[{'user_id': '1132976282008981506', 'username': 'John__Tennant'}]",,,,
1153703552184926211,1153703552184926211,1563899336000,2019-07-23,16:28:56,GMT,1132976282008981506,john__tennant,John Tennant,,You can watch my latest speech in the ITRE (Industry) Committee here: https://youtu.be/rNyA8yEr7Kc ,[],['https://youtu.be/rNyA8yEr7Kc'],[],1,7,15,[],[],https://twitter.com/John__Tennant/status/1153703552184926211,False,,0,,,,,,,"[{'user_id': '1132976282008981506', 'username': 'John__Tennant'}]",,,,
1153630337412620288,1153630337412620288,1563881880000,2019-07-23,11:38:00,GMT,1132976282008981506,john__tennant,John Tennant,,I hope Boris Johnson can withstand the tremendous pressure he will be under to U-turn on his Brexit promises. He now has the power to deliver the Brexit people voted for in 2016.,[],[],[],4,7,27,[],[],https://twitter.com/John__Tennant/status/1153630337412620288,False,,0,,,,,,,"[{'user_id': '1132976282008981506', 'username': 'John__Tennant'}]",,,,
1151433962088259584,1151433962088259584,1563358223000,2019-07-17,10:10:23,GMT,1132976282008981506,john__tennant,John Tennant,,You can watch my recent speech in the European Parliament here: https://www.youtube.com/watch?v=T77LR33nIHw&feature=youtu.be …,[],['https://www.youtube.com/watch?v=T77LR33nIHw&feature=youtu.be'],[],3,10,18,[],[],https://twitter.com/John__Tennant/status/1151433962088259584,False,,0,,,,,,,"[{'user_id': '1132976282008981506', 'username': 'John__Tennant'}]",,,,
1151415952514441216,1151415952514441216,1563353930000,2019-07-17,08:58:50,GMT,1132976282008981506,john__tennant,John Tennant,,I'll be speaking in the European Parliament in just over five minutes. You can watch the current session live here:  http://www.europarl.europa.eu/plenary/en/home.html …,[],['http://www.europarl.europa.eu/plenary/en/home.html'],[],3,5,21,[],[],https://twitter.com/John__Tennant/status/1151415952514441216,False,,0,,,,,,,"[{'user_id': '1132976282008981506', 'username': 'John__Tennant'}]",,,,
1151200131334705152,1151200131334705152,1563302474000,2019-07-16,18:41:14,GMT,1132976282008981506,john__tennant,John Tennant,,I'm told that a Tory MEP voted for Von Der Leyen. pic.twitter.com/EjGJf12ESt,[],[],['https://pbs.twimg.com/media/D_niaGQXUAAysHG.jpg'],12,20,27,[],[],https://twitter.com/John__Tennant/status/1151200131334705152,False,,0,,,,,,,"[{'user_id': '1132976282008981506', 'username': 'John__Tennant'}]",,,,
1151153586497380352,1151153586497380352,1563291377000,2019-07-16,15:36:17,GMT,1132976282008981506,john__tennant,John Tennant,,It is imperative that we continue the fight for Brexit. pic.twitter.com/JNuRBLlODo,[],[],['https://pbs.twimg.com/media/D_m4A6YW4AADQ1A.jpg'],3,5,7,[],[],https://twitter.com/John__Tennant/status/1151153586497380352,False,,0,,,,,,,"[{'user_id': '1132976282008981506', 'username': 'John__Tennant'}]",,,,
1151041993348452352,1151041993348452352,1563264771000,2019-07-16,08:12:51,GMT,1132976282008981506,john__tennant,John Tennant,,Hearing the controversial Ursula Von Der Leyen this morning and her commitment to 'more Europe' just reaffirms we made the right decision to leave the EU.,[],[],[],3,51,149,[],[],https://twitter.com/John__Tennant/status/1151041993348452352,False,,0,,,,,,,"[{'user_id': '1132976282008981506', 'username': 'John__Tennant'}]",,,,
1150815697309700097,1150815697309700097,1563210818000,2019-07-15,17:13:38,GMT,1132976282008981506,john__tennant,John Tennant,,Catch the highlights of myself and fellow North East MEP @TheBluetrot talking on BBC Sunday Politics: North East & Cumbria. - https://www.youtube.com/watch?v=2y0pRCg1WVk …,['thebluetrot'],['https://www.youtube.com/watch?v=2y0pRCg1WVk'],[],0,2,1,[],[],https://twitter.com/John__Tennant/status/1150815697309700097,False,,0,,,,,,,"[{'user_id': '1132976282008981506', 'username': 'John__Tennant'}, {'user_id': '620893984', 'username': 'TheBluetrot'}]",,,,
1150635214366007296,1150635214366007296,1563167787000,2019-07-15,05:16:27,GMT,1132976282008981506,john__tennant,John Tennant,,What a thrilling match that was! The England team have done us all proud. Commiserations to New Zealand. #ENGvsNZ pic.twitter.com/RhLNzDyrWH,[],[],['https://pbs.twimg.com/media/D_fgAlvXsAEbPWl.jpg'],1,2,5,['#engvsnz'],[],https://twitter.com/John__Tennant/status/1150635214366007296,False,,0,,,,,,,"[{'user_id': '1132976282008981506', 'username': 'John__Tennant'}]",,,,
